slice,dataset,task,selection_mode,nominal_budget,threshold,max_gap_frames,sequences_or_clips,frames,failure_frames,reviewed_frames,caught_failure_frames,safe_referred_frames,failure_episodes,captured_failure_episodes,residual_failure_episodes,referral_episodes,false_referral_episodes,redundant_failure_hits,within_referral_episode_extra_frames,review_fraction,frame_failure_recall,episode_failure_recall,false_referral_episode_fraction,reviewed_frames_per_sequence_or_clip,referral_episodes_per_sequence_or_clip,false_referral_episodes_per_sequence_or_clip,redundant_failure_hits_per_captured_episode,failure_episode_duration_mean_frames,failure_episode_duration_median_frames,failure_episode_duration_p95_frames,failure_episode_duration_max_frames,captured_episode_duration_mean_frames,captured_episode_duration_median_frames,captured_episode_duration_p95_frames,captured_episode_duration_max_frames,residual_episode_duration_mean_frames,residual_episode_duration_median_frames,residual_episode_duration_p95_frames,residual_episode_duration_max_frames,referral_episode_duration_mean_frames,referral_episode_duration_median_frames,referral_episode_duration_p95_frames,referral_episode_duration_max_frames,false_referral_episode_duration_mean_frames,false_referral_episode_duration_median_frames,false_referral_episode_duration_p95_frames,false_referral_episode_duration_max_frames
sun_test_positive_pooled,SUN-SEG,positive_lesion_preservation,exact_rank,0.01,,0,173,29592,3439,296,215,81,778,74,704,159,50,141,137,0.010002703433360368,0.06251817388775807,0.09511568123393316,0.31446540880503143,1.7109826589595376,0.9190751445086706,0.28901734104046245,1.9054054054054055,4.420308483290489,2.0,17.0,101,7.6891891891891895,4.0,32.099999999999966,62,4.076704545454546,2.0,15.850000000000023,101,1.8616352201257862,1.0,4.199999999999989,17,1.26,1.0,2.0,3
sun_test_positive_pooled,SUN-SEG,positive_lesion_preservation,exact_rank,0.01,,2,173,29592,3439,296,215,81,427,61,366,113,32,154,183,0.010002703433360368,0.06251817388775807,0.14285714285714285,0.2831858407079646,1.7109826589595376,0.653179190751445,0.18497109826589594,2.5245901639344264,9.1288056206089,3.0,38.0,126,14.852459016393443,7.0,66.0,116,8.174863387978142,2.0,35.0,126,3.2123893805309733,1.0,8.399999999999991,58,1.9375,1.0,4.899999999999999,7
sun_test_positive_pooled,SUN-SEG,positive_lesion_preservation,exact_rank,0.01,,5,173,29592,3439,296,215,81,301,55,246,96,26,160,200,0.010002703433360368,0.06251817388775807,0.18272425249169436,0.2708333333333333,1.7109826589595376,0.5549132947976878,0.15028901734104047,2.909090909090909,14.548172757475083,4.0,71.0,160,25.945454545454545,12.0,116.3,139,12.0,3.0,55.0,160,4.458333333333333,1.0,17.5,58,2.5384615384615383,1.0,7.0,7
sun_test_positive_pooled,SUN-SEG,positive_lesion_preservation,sun_val_frozen_threshold,0.01,0.13528396,0,173,29592,3439,4,3,1,778,3,775,4,1,0,0,0.00013517166801838335,0.0008723466123873219,0.0038560411311053984,0.25,0.023121387283236993,0.023121387283236993,0.005780346820809248,0.0,4.420308483290489,2.0,17.0,101,22.666666666666668,4.0,56.199999999999996,62,4.349677419354839,2.0,17.0,101,1.0,1.0,1.0,1,1.0,1.0,1.0,1
sun_test_positive_pooled,SUN-SEG,positive_lesion_preservation,sun_val_frozen_threshold,0.01,0.13528396,2,173,29592,3439,4,3,1,427,3,424,4,1,0,0,0.00013517166801838335,0.0008723466123873219,0.00702576112412178,0.25,0.023121387283236993,0.023121387283236993,0.005780346820809248,0.0,9.1288056206089,3.0,38.0,126,44.0,14.0,105.79999999999998,116,8.882075471698114,3.0,37.849999999999966,126,1.0,1.0,1.0,1,1.0,1.0,1.0,1
sun_test_positive_pooled,SUN-SEG,positive_lesion_preservation,sun_val_frozen_threshold,0.01,0.13528396,5,173,29592,3439,4,3,1,301,3,298,4,1,0,0,0.00013517166801838335,0.0008723466123873219,0.009966777408637873,0.25,0.023121387283236993,0.023121387283236993,0.005780346820809248,0.0,14.548172757475083,4.0,71.0,160,44.0,14.0,105.79999999999998,116,14.251677852348994,4.0,70.14999999999998,160,1.0,1.0,1.0,1,1.0,1.0,1.0,1
sun_test_positive_pooled,SUN-SEG,positive_lesion_preservation,exact_rank,0.05,,0,173,29592,3439,1480,624,856,778,216,562,548,290,408,932,0.05001351716680184,0.18144809537656295,0.2776349614395887,0.5291970802919708,8.554913294797688,3.167630057803468,1.676300578034682,1.8888888888888888,4.420308483290489,2.0,17.0,101,5.842592592592593,2.0,22.0,90,3.873665480427046,2.0,14.949999999999932,101,2.7007299270072993,1.0,8.0,105,2.0551724137931036,1.0,6.0,32
sun_test_positive_pooled,SUN-SEG,positive_lesion_preservation,exact_rank,0.05,,2,173,29592,3439,1480,624,856,427,151,276,332,166,473,1148,0.05001351716680184,0.18144809537656295,0.35362997658079626,0.5,8.554913294797688,1.9190751445086704,0.9595375722543352,3.1324503311258276,9.1288056206089,3.0,38.0,126,13.913907284768213,5.0,57.5,116,6.510869565217392,2.0,27.0,126,5.331325301204819,2.0,21.0,107,3.289156626506024,1.0,11.75,32
sun_test_positive_pooled,SUN-SEG,positive_lesion_preservation,exact_rank,0.05,,5,173,29592,3439,1480,624,856,301,124,177,253,116,500,1227,0.05001351716680184,0.18144809537656295,0.4119601328903654,0.45849802371541504,8.554913294797688,1.4624277456647399,0.6705202312138728,4.032258064516129,14.548172757475083,4.0,71.0,160,23.95967741935484,8.0,115.09999999999997,160,7.954802259887006,2.0,34.19999999999999,126,8.118577075098814,2.0,32.39999999999998,107,5.155172413793103,1.0,26.5,37
sun_test_positive_pooled,SUN-SEG,positive_lesion_preservation,sun_val_frozen_threshold,0.05,0.09579211,0,173,29592,3439,72,52,20,778,23,755,51,16,29,21,0.0024330900243309003,0.01512067461471358,0.02956298200514139,0.3137254901960784,0.4161849710982659,0.2947976878612717,0.09248554913294797,1.2608695652173914,4.420308483290489,2.0,17.0,101,13.130434782608695,7.0,39.599999999999994,62,4.154966887417219,2.0,16.0,101,1.411764705882353,1.0,3.0,5,1.0,1.0,1.0,1
sun_test_positive_pooled,SUN-SEG,positive_lesion_preservation,sun_val_frozen_threshold,0.05,0.09579211,2,173,29592,3439,72,52,20,427,22,405,40,11,30,32,0.0024330900243309003,0.01512067461471358,0.05152224824355972,0.275,0.4161849710982659,0.23121387283236994,0.06358381502890173,1.3636363636363635,9.1288056206089,3.0,38.0,126,20.5,8.5,82.14999999999998,116,8.511111111111111,2.0,36.59999999999991,126,2.175,1.0,6.099999999999994,12,1.3636363636363635,1.0,3.0,5
sun_test_positive_pooled,SUN-SEG,positive_lesion_preservation,sun_val_frozen_threshold,0.05,0.09579211,5,173,29592,3439,72,52,20,301,19,282,32,9,33,40,0.0024330900243309003,0.01512067461471358,0.06312292358803986,0.28125,0.4161849710982659,0.18497109826589594,0.05202312138728324,1.736842105263158,14.548172757475083,4.0,71.0,160,34.0,14.0,135.39999999999998,139,13.23758865248227,4.0,61.0,160,3.625,1.0,13.249999999999996,26,1.0,1.0,1.0,1
sun_test_positive_pooled,SUN-SEG,positive_lesion_preservation,exact_rank,0.1,,0,173,29592,3439,2960,912,2048,778,311,467,854,505,601,2106,0.10002703433360367,0.26519337016574585,0.39974293059125965,0.5913348946135831,17.109826589595375,4.936416184971098,2.9190751445086707,1.932475884244373,4.420308483290489,2.0,17.0,101,5.7491961414791,2.0,21.5,90,3.5353319057815846,2.0,12.0,101,3.4660421545667446,1.0,11.349999999999909,107,2.740594059405941,1.0,8.0,54
sun_test_positive_pooled,SUN-SEG,positive_lesion_preservation,exact_rank,0.1,,2,173,29592,3439,2960,912,2048,427,209,218,509,283,703,2451,0.10002703433360367,0.26519337016574585,0.4894613583138173,0.555992141453831,17.109826589595375,2.9421965317919074,1.6358381502890174,3.3636363636363638,9.1288056206089,3.0,38.0,126,13.157894736842104,4.0,58.999999999999915,126,5.26605504587156,1.0,25.149999999999977,112,6.738703339882122,2.0,24.599999999999966,142,4.618374558303887,1.0,18.799999999999955,77
sun_test_positive_pooled,SUN-SEG,positive_lesion_preservation,exact_rank,0.1,,5,173,29592,3439,2960,912,2048,301,164,137,377,194,748,2583,0.10002703433360367,0.26519337016574585,0.5448504983388704,0.5145888594164456,17.109826589595375,2.179190751445087,1.1213872832369942,4.560975609756097,14.548172757475083,4.0,71.0,160,22.109756097560975,8.0,109.09999999999997,160,5.4963503649635035,2.0,24.399999999999977,61,10.429708222811671,4.0,42.0,152,7.144329896907217,2.0,29.399999999999977,81
sun_test_positive_pooled,SUN-SEG,positive_lesion_preservation,sun_val_frozen_threshold,0.1,0.07180122,0,173,29592,3439,304,219,85,778,75,703,164,52,144,140,0.010273046769397134,0.0636813027042745,0.09640102827763496,0.3170731707317073,1.7572254335260116,0.9479768786127167,0.30057803468208094,1.92,4.420308483290489,2.0,17.0,101,7.906666666666666,4.0,31.799999999999983,62,4.048364153627311,2.0,15.0,101,1.853658536585366,1.0,4.0,17,1.2692307692307692,1.0,2.0,3
sun_test_positive_pooled,SUN-SEG,positive_lesion_preservation,sun_val_frozen_threshold,0.1,0.07180122,2,173,29592,3439,304,219,85,427,62,365,117,34,157,187,0.010273046769397134,0.0636813027042745,0.1451990632318501,0.2905982905982906,1.7572254335260116,0.6763005780346821,0.19653179190751446,2.532258064516129,9.1288056206089,3.0,38.0,126,15.080645161290322,7.0,65.19999999999993,116,8.117808219178082,2.0,35.0,126,3.1709401709401708,1.0,8.199999999999989,58,1.911764705882353,1.0,4.699999999999996,7
sun_test_positive_pooled,SUN-SEG,positive_lesion_preservation,sun_val_frozen_threshold,0.1,0.07180122,5,173,29592,3439,304,219,85,301,56,245,100,28,163,204,0.010273046769397134,0.0636813027042745,0.18604651162790697,0.28,1.7572254335260116,0.5780346820809249,0.16184971098265896,2.9107142857142856,14.548172757475083,4.0,71.0,160,26.142857142857142,12.0,116.25,139,11.89795918367347,3.0,55.0,160,4.33,1.0,17.099999999999994,58,2.4642857142857144,1.0,7.0,8
sun_test_positive_pooled,SUN-SEG,positive_lesion_preservation,exact_rank,0.2,,0,173,29592,3439,5919,1266,4653,778,422,356,1286,850,844,4633,0.20002027575020276,0.36813027042744983,0.5424164524421594,0.6609642301710731,34.213872832369944,7.433526011560693,4.913294797687861,2.0,4.420308483290489,2.0,17.0,101,5.23696682464455,2.0,19.94999999999999,90,3.452247191011236,1.0,11.0,101,4.602643856920684,1.0,16.75,145,3.9258823529411764,1.0,14.0,116
sun_test_positive_pooled,SUN-SEG,positive_lesion_preservation,exact_rank,0.2,,2,173,29592,3439,5919,1266,4653,427,266,161,669,414,1000,5250,0.20002027575020276,0.36813027042744983,0.6229508196721312,0.6188340807174888,34.213872832369944,3.867052023121387,2.393063583815029,3.7593984962406015,9.1288056206089,3.0,38.0,126,12.041353383458647,4.0,50.0,126,4.316770186335404,1.0,22.0,53,10.077727952167415,3.0,44.0,152,8.028985507246377,2.0,35.0,135
sun_test_positive_pooled,SUN-SEG,positive_lesion_preservation,exact_rank,0.2,,5,173,29592,3439,5919,1266,4653,301,199,102,477,281,1067,5442,0.20002027575020276,0.36813027042744983,0.6611295681063123,0.589098532494759,34.213872832369944,2.7572254335260116,1.6242774566473988,5.36180904522613,14.548172757475083,4.0,71.0,160,19.884422110552762,7.0,96.79999999999995,160,4.137254901960785,1.0,11.949999999999989,55,15.664570230607966,5.0,83.19999999999999,164,11.583629893238435,3.0,46.0,148
sun_test_positive_pooled,SUN-SEG,positive_lesion_preservation,sun_val_frozen_threshold,0.2,0.04186127,0,173,29592,3439,1096,543,553,778,177,601,433,212,366,663,0.037037037037037035,0.15789473684210525,0.2275064267352185,0.4896073903002309,6.335260115606936,2.5028901734104045,1.2254335260115607,2.0677966101694913,4.420308483290489,2.0,17.0,101,6.271186440677966,2.0,24.0,90,3.875207986688852,2.0,15.0,101,2.531177829099307,1.0,7.0,83,1.830188679245283,1.0,6.0,14
sun_test_positive_pooled,SUN-SEG,positive_lesion_preservation,sun_val_frozen_threshold,0.2,0.04186127,2,173,29592,3439,1096,543,553,427,126,301,257,115,417,839,0.037037037037037035,0.15789473684210525,0.29508196721311475,0.4474708171206226,6.335260115606936,1.4855491329479769,0.6647398843930635,3.3095238095238093,9.1288056206089,3.0,38.0,126,14.333333333333334,6.0,61.25,116,6.95016611295681,2.0,28.0,126,5.178988326848249,2.0,17.0,103,3.226086956521739,1.0,10.299999999999997,22
sun_test_positive_pooled,SUN-SEG,positive_lesion_preservation,sun_val_frozen_threshold,0.2,0.04186127,5,173,29592,3439,1096,543,553,301,105,196,195,79,438,901,0.037037037037037035,0.15789473684210525,0.3488372093023256,0.40512820512820513,6.335260115606936,1.1271676300578035,0.45664739884393063,4.171428571428572,14.548172757475083,4.0,71.0,160,25.323809523809523,8.0,116.8,160,8.775510204081632,3.0,35.5,126,7.97948717948718,3.0,29.89999999999995,103,4.987341772151899,2.0,21.099999999999994,26
sun_negative_loco_macro,SUN-SEG,negative_false_positive,heldout_exact_rank,0.01,,0,7,27186,24296,273,273,0,1520,123,1397,228,0,150,45,0.010041933348046789,0.011236417517286797,0.08092105263157895,0.0,39.0,32.57142857142857,0.0,1.2195121951219512,15.98421052631579,5.0,63.0,287,53.82113821138211,37.0,167.89999999999992,287,12.652827487473157,4.0,57.40000000000009,161,1.1973684210526316,1.0,2.0,4,,,,
sun_negative_loco_macro,SUN-SEG,negative_false_positive,heldout_exact_rank,0.01,,2,7,27186,24296,273,273,0,271,60,211,200,0,213,73,0.010041933348046789,0.011236417517286797,0.22140221402214022,0.0,39.0,28.571428571428573,0.0,3.55,95.18450184501845,32.0,415.0,1005,278.51666666666665,236.5,642.4499999999998,1005,43.052132701421804,16.0,167.0,375,1.575,1.0,4.0,9,,,,
sun_negative_loco_macro,SUN-SEG,negative_false_positive,heldout_exact_rank,0.01,,5,7,27186,24296,273,273,0,65,28,37,161,0,245,112,0.010041933348046789,0.011236417517286797,0.4307692307692308,0.0,39.0,23.0,0.0,8.75,408.2,145.0,1733.7999999999995,2477,834.0714285714286,621.0,1880.2,2477,85.91891891891892,55.0,367.19999999999993,391,2.9440993788819876,1.0,10.0,22,,,,
sun_negative_loco_macro,SUN-SEG,negative_false_positive,train_cases_frozen_threshold,0.01,case_specific_other_two_cases,0,7,27186,24296,282,282,0,1520,123,1397,236,0,159,46,0.010372986095784595,0.011606848864010536,0.08092105263157895,0.0,40.285714285714285,33.714285714285715,0.0,1.2926829268292683,15.98421052631579,5.0,63.0,287,51.47154471544715,36.0,151.99999999999983,287,12.859699355762348,4.0,59.0,191,1.194915254237288,1.0,2.0,4,,,,
sun_negative_loco_macro,SUN-SEG,negative_false_positive,train_cases_frozen_threshold,0.01,case_specific_other_two_cases,2,7,27186,24296,282,282,0,271,61,210,201,0,221,81,0.010372986095784595,0.011606848864010536,0.22509225092250923,0.0,40.285714285714285,28.714285714285715,0.0,3.622950819672131,95.18450184501845,32.0,415.0,1005,273.9672131147541,233.0,639.0,1005,43.25238095238095,16.0,166.99999999999966,486,1.6467661691542288,1.0,4.0,11,,,,
sun_negative_loco_macro,SUN-SEG,negative_false_positive,train_cases_frozen_threshold,0.01,case_specific_other_two_cases,5,7,27186,24296,282,282,0,65,28,37,158,0,254,124,0.010372986095784595,0.011606848864010536,0.4307692307692308,0.0,40.285714285714285,22.571428571428573,0.0,9.071428571428571,408.2,145.0,1733.7999999999995,2477,830.1071428571429,621.0,1880.2,2477,88.91891891891892,55.0,368.5999999999999,495,3.189873417721519,1.0,10.150000000000006,29,,,,
sun_negative_loco_macro,SUN-SEG,negative_false_positive,heldout_exact_rank,0.05,,0,7,27186,24296,1361,1361,0,1520,321,1199,938,0,1040,423,0.05006253218568381,0.05601745143233454,0.21118421052631578,0.0,194.42857142857142,134.0,0.0,3.2398753894080996,15.98421052631579,5.0,63.0,287,42.781931464174455,29.0,124.0,287,8.809841534612177,3.0,37.0,141,1.450959488272921,1.0,3.0,8,,,,
sun_negative_loco_macro,SUN-SEG,negative_false_positive,heldout_exact_rank,0.05,,2,7,27186,24296,1361,1361,0,271,110,161,653,0,1251,708,0.05006253218568381,0.05601745143233454,0.4059040590405904,0.0,194.42857142857142,93.28571428571429,0.0,11.372727272727273,95.18450184501845,32.0,415.0,1005,203.06363636363636,154.5,543.0999999999999,1005,21.47826086956522,8.0,93.0,150,2.684532924961715,1.0,9.0,24,,,,
sun_negative_loco_macro,SUN-SEG,negative_false_positive,heldout_exact_rank,0.05,,5,7,27186,24296,1361,1361,0,65,42,23,480,0,1319,881,0.05006253218568381,0.05601745143233454,0.6461538461538462,0.0,194.42857142857142,68.57142857142857,0.0,31.404761904761905,408.2,145.0,1733.7999999999995,2477,608.6190476190476,448.0,1869.3999999999996,2477,42.21739130434783,27.0,110.19999999999999,162,4.997916666666667,2.0,18.049999999999955,68,,,,
sun_negative_loco_macro,SUN-SEG,negative_false_positive,train_cases_frozen_threshold,0.05,case_specific_other_two_cases,0,7,27186,24296,1381,1381,0,1520,323,1197,947,0,1058,434,0.05079820495843449,0.05684063220283174,0.2125,0.0,197.28571428571428,135.28571428571428,0.0,3.2755417956656347,15.98421052631579,5.0,63.0,287,42.8235294117647,29.0,123.59999999999991,287,8.741854636591478,3.0,36.200000000000045,141,1.4582893347412882,1.0,3.0,8,,,,
sun_negative_loco_macro,SUN-SEG,negative_false_positive,train_cases_frozen_threshold,0.05,case_specific_other_two_cases,2,7,27186,24296,1381,1381,0,271,114,157,666,0,1267,715,0.05079820495843449,0.05684063220283174,0.42066420664206644,0.0,197.28571428571428,95.14285714285714,0.0,11.114035087719298,95.18450184501845,32.0,415.0,1005,198.14912280701753,144.5,538.6999999999998,1005,20.420382165605094,7.0,86.79999999999995,150,2.6546546546546548,1.0,9.0,27,,,,
sun_negative_loco_macro,SUN-SEG,negative_false_positive,train_cases_frozen_threshold,0.05,case_specific_other_two_cases,5,7,27186,24296,1381,1381,0,65,44,21,491,0,1337,890,0.05079820495843449,0.05684063220283174,0.676923076923077,0.0,197.28571428571428,70.14285714285714,0.0,30.386363636363637,408.2,145.0,1733.7999999999995,2477,584.75,416.5,1858.2000000000003,2477,38.285714285714285,24.0,111.0,162,4.95112016293279,2.0,18.0,68,,,,
sun_negative_loco_macro,SUN-SEG,negative_false_positive,heldout_exact_rank,0.1,,0,7,27186,24296,2721,2721,0,1520,433,1087,1535,0,2288,1186,0.10008828073273009,0.11199374382614422,0.2848684210526316,0.0,388.7142857142857,219.28571428571428,0.0,5.284064665127021,15.98421052631579,5.0,63.0,287,38.43879907621247,25.0,117.0,287,7.039558417663294,3.0,32.0,103,1.7726384364820846,1.0,5.0,18,,,,
sun_negative_loco_macro,SUN-SEG,negative_false_positive,heldout_exact_rank,0.1,,2,7,27186,24296,2721,2721,0,271,134,137,928,0,2587,1793,0.10008828073273009,0.11199374382614422,0.4944649446494465,0.0,388.7142857142857,132.57142857142858,0.0,19.30597014925373,95.18450184501845,32.0,415.0,1005,177.38805970149255,106.5,529.05,1005,14.781021897810218,5.0,64.0,129,3.8405172413793105,2.0,13.0,40,,,,
sun_negative_loco_macro,SUN-SEG,negative_false_positive,heldout_exact_rank,0.1,,5,7,27186,24296,2721,2721,0,65,48,17,656,0,2673,2065,0.10008828073273009,0.11199374382614422,0.7384615384615385,0.0,388.7142857142857,93.71428571428571,0.0,55.6875,408.2,145.0,1733.7999999999995,2477,540.5,375.0,1835.7999999999997,2477,34.64705882352941,17.0,121.19999999999996,162,7.0,3.5,24.0,87,,,,
sun_negative_loco_macro,SUN-SEG,negative_false_positive,train_cases_frozen_threshold,0.1,case_specific_other_two_cases,0,7,27186,24296,2790,2790,0,1520,438,1082,1555,0,2352,1235,0.10262635179871993,0.11483371748435957,0.2881578947368421,0.0,398.57142857142856,222.14285714285714,0.0,5.36986301369863,15.98421052631579,5.0,63.0,287,37.926940639269404,24.0,117.0,287,7.101663585951941,3.0,32.0,105,1.7942122186495177,1.0,5.0,18,,,,
sun_negative_loco_macro,SUN-SEG,negative_false_positive,train_cases_frozen_threshold,0.1,case_specific_other_two_cases,2,7,27186,24296,2790,2790,0,271,138,133,938,0,2652,1852,0.10262635179871993,0.11483371748435957,0.5092250922509225,0.0,398.57142857142856,134.0,0.0,19.217391304347824,95.18450184501845,32.0,415.0,1005,174.44202898550725,105.5,528.45,1005,12.947368421052632,5.0,63.0,103,3.8891257995735606,2.0,13.0,42,,,,
sun_negative_loco_macro,SUN-SEG,negative_false_positive,train_cases_frozen_threshold,0.1,case_specific_other_two_cases,5,7,27186,24296,2790,2790,0,65,48,17,652,0,2742,2138,0.10262635179871993,0.11483371748435957,0.7384615384615385,0.0,398.57142857142856,93.14285714285714,0.0,57.125,408.2,145.0,1733.7999999999995,2477,540.5,375.0,1835.7999999999997,2477,34.64705882352941,17.0,121.19999999999996,162,7.2684049079754605,4.0,26.0,87,,,,
sun_negative_loco_macro,SUN-SEG,negative_false_positive,heldout_exact_rank,0.2,,0,7,27186,24296,5439,5439,0,1520,620,900,2442,0,4819,2997,0.20006621054954757,0.22386401053671387,0.40789473684210525,0.0,777.0,348.85714285714283,0.0,7.77258064516129,15.98421052631579,5.0,63.0,287,32.42903225806452,20.0,103.0,287,4.655555555555556,2.0,16.049999999999955,78,2.227272727272727,1.0,6.0,31,,,,
sun_negative_loco_macro,SUN-SEG,negative_false_positive,heldout_exact_rank,0.2,,2,7,27186,24296,5439,5439,0,271,159,112,1263,0,5280,4176,0.20006621054954757,0.22386401053671387,0.5867158671586716,0.0,777.0,180.42857142857142,0.0,33.20754716981132,95.18450184501845,32.0,415.0,1005,154.74213836477986,92.0,510.89999999999986,1005,10.633928571428571,4.0,59.14999999999992,96,5.551860649247823,3.0,19.0,83,,,,
sun_negative_loco_macro,SUN-SEG,negative_false_positive,heldout_exact_rank,0.2,,5,7,27186,24296,5439,5439,0,65,51,14,796,0,5388,4643,0.20006621054954757,0.22386401053671387,0.7846153846153846,0.0,777.0,113.71428571428571,0.0,105.6470588235294,408.2,145.0,1733.7999999999995,2477,510.52941176470586,363.0,1819.0,2477,35.42857142857143,7.5,128.84999999999997,162,11.018844221105528,6.0,38.0,167,,,,
sun_negative_loco_macro,SUN-SEG,negative_false_positive,train_cases_frozen_threshold,0.2,case_specific_other_two_cases,0,7,27186,24296,5569,5569,0,1520,606,914,2381,0,4963,3188,0.20484808357242698,0.22921468554494567,0.3986842105263158,0.0,795.5714285714286,340.14285714285717,0.0,8.189768976897689,15.98421052631579,5.0,63.0,287,32.72112211221122,20.0,103.0,287,4.887308533916849,2.0,19.0,78,2.3389332213355734,1.0,7.0,36,,,,
sun_negative_loco_macro,SUN-SEG,negative_false_positive,train_cases_frozen_threshold,0.2,case_specific_other_two_cases,2,7,27186,24296,5569,5569,0,271,159,112,1234,0,5410,4335,0.20484808357242698,0.22921468554494567,0.5867158671586716,0.0,795.5714285714286,176.28571428571428,0.0,34.0251572327044,95.18450184501845,32.0,415.0,1005,154.69811320754718,92.0,510.89999999999986,1005,10.696428571428571,4.0,59.14999999999992,96,5.752025931928687,3.0,20.34999999999991,67,,,,
sun_negative_loco_macro,SUN-SEG,negative_false_positive,train_cases_frozen_threshold,0.2,case_specific_other_two_cases,5,7,27186,24296,5569,5569,0,65,51,14,779,0,5518,4790,0.20484808357242698,0.22921468554494567,0.7846153846153846,0.0,795.5714285714286,111.28571428571429,0.0,108.19607843137256,408.2,145.0,1733.7999999999995,2477,510.52941176470586,363.0,1819.0,2477,35.42857142857143,7.5,128.84999999999997,162,11.313222079589217,6.0,40.0,137,,,,
polypgen_test_negative,PolypGen-Video,negative_false_positive,exact_rank,0.01,,0,4,647,418,7,7,0,71,6,65,7,0,1,0,0.010819165378670788,0.01674641148325359,0.08450704225352113,0.0,1.75,1.75,0.0,0.16666666666666666,5.887323943661972,2.0,23.5,99,26.333333333333332,10.0,83.0,99,4.0,2.0,14.399999999999991,33,1.0,1.0,1.0,1,,,,
polypgen_test_negative,PolypGen-Video,negative_false_positive,exact_rank,0.01,,2,4,647,418,7,7,0,27,6,21,7,0,1,0,0.010819165378670788,0.01674641148325359,0.2222222222222222,0.0,1.75,1.75,0.0,0.16666666666666666,17.444444444444443,11.0,58.69999999999999,99,37.333333333333336,26.0,90.5,99,11.761904761904763,5.0,31.0,44,1.0,1.0,1.0,1,,,,
polypgen_test_negative,PolypGen-Video,negative_false_positive,exact_rank,0.01,,5,4,647,418,7,7,0,14,4,10,6,0,3,1,0.010819165378670788,0.01674641148325359,0.2857142857142857,0.0,1.75,1.5,0.0,0.75,37.214285714285715,23.5,100.4,103,79.25,85.5,102.4,103,20.4,9.0,68.39999999999992,99,1.6666666666666667,1.0,4.0,5,,,,
polypgen_test_negative,PolypGen-Video,negative_false_positive,sun_val_frozen_threshold,0.01,0.13528396,0,4,647,418,0,0,0,71,0,71,0,0,0,0,0.0,0.0,0.0,0.0,0.0,0.0,0.0,0.0,5.887323943661972,2.0,23.5,99,,,,,5.887323943661972,2.0,23.5,99,,,,,,,,
polypgen_test_negative,PolypGen-Video,negative_false_positive,sun_val_frozen_threshold,0.01,0.13528396,2,4,647,418,0,0,0,27,0,27,0,0,0,0,0.0,0.0,0.0,0.0,0.0,0.0,0.0,0.0,17.444444444444443,11.0,58.69999999999999,99,,,,,17.444444444444443,11.0,58.69999999999999,99,,,,,,,,
polypgen_test_negative,PolypGen-Video,negative_false_positive,sun_val_frozen_threshold,0.01,0.13528396,5,4,647,418,0,0,0,14,0,14,0,0,0,0,0.0,0.0,0.0,0.0,0.0,0.0,0.0,0.0,37.214285714285715,23.5,100.4,103,,,,,37.214285714285715,23.5,100.4,103,,,,,,,,
polypgen_test_negative,PolypGen-Video,negative_false_positive,exact_rank,0.05,,0,4,647,418,33,33,0,71,11,60,23,0,22,10,0.05100463678516229,0.07894736842105263,0.15492957746478872,0.0,8.25,5.75,0.0,2.0,5.887323943661972,2.0,23.5,99,16.90909090909091,5.0,67.0,99,3.8666666666666667,2.0,15.099999999999994,33,1.434782608695652,1.0,2.8999999999999986,3,,,,
polypgen_test_negative,PolypGen-Video,negative_false_positive,exact_rank,0.05,,2,4,647,418,33,33,0,27,8,19,19,0,25,14,0.05100463678516229,0.07894736842105263,0.2962962962962963,0.0,8.25,4.75,0.0,3.125,17.444444444444443,11.0,58.69999999999999,99,35.125,28.5,87.09999999999998,99,10.0,5.0,31.39999999999997,44,2.0,1.0,5.099999999999998,6,,,,
polypgen_test_negative,PolypGen-Video,negative_false_positive,exact_rank,0.05,,5,4,647,418,33,33,0,14,5,9,17,0,28,16,0.05100463678516229,0.07894736842105263,0.35714285714285715,0.0,8.25,4.25,0.0,5.6,37.214285714285715,23.5,100.4,103,69.6,72.0,102.2,103,19.22222222222222,6.0,71.39999999999998,99,2.588235294117647,1.0,6.799999999999997,10,,,,
polypgen_test_negative,PolypGen-Video,negative_false_positive,sun_val_frozen_threshold,0.05,0.09579211,0,4,647,418,0,0,0,71,0,71,0,0,0,0,0.0,0.0,0.0,0.0,0.0,0.0,0.0,0.0,5.887323943661972,2.0,23.5,99,,,,,5.887323943661972,2.0,23.5,99,,,,,,,,
polypgen_test_negative,PolypGen-Video,negative_false_positive,sun_val_frozen_threshold,0.05,0.09579211,2,4,647,418,0,0,0,27,0,27,0,0,0,0,0.0,0.0,0.0,0.0,0.0,0.0,0.0,0.0,17.444444444444443,11.0,58.69999999999999,99,,,,,17.444444444444443,11.0,58.69999999999999,99,,,,,,,,
polypgen_test_negative,PolypGen-Video,negative_false_positive,sun_val_frozen_threshold,0.05,0.09579211,5,4,647,418,0,0,0,14,0,14,0,0,0,0,0.0,0.0,0.0,0.0,0.0,0.0,0.0,0.0,37.214285714285715,23.5,100.4,103,,,,,37.214285714285715,23.5,100.4,103,,,,,,,,
polypgen_test_negative,PolypGen-Video,negative_false_positive,exact_rank,0.1,,0,4,647,418,65,65,0,71,16,55,34,0,49,31,0.10046367851622875,0.15550239234449761,0.22535211267605634,0.0,16.25,8.5,0.0,3.0625,5.887323943661972,2.0,23.5,99,13.125,5.0,51.0,99,3.7818181818181817,2.0,15.599999999999994,33,1.911764705882353,1.0,5.049999999999994,9,,,,
polypgen_test_negative,PolypGen-Video,negative_false_positive,exact_rank,0.1,,2,4,647,418,65,65,0,27,11,16,26,0,54,39,0.10046367851622875,0.15550239234449761,0.4074074074074074,0.0,16.25,6.5,0.0,4.909090909090909,17.444444444444443,11.0,58.69999999999999,99,28.545454545454547,17.0,82.0,99,9.8125,4.5,33.5,44,3.0,1.5,8.5,17,,,,
polypgen_test_negative,PolypGen-Video,negative_false_positive,exact_rank,0.1,,5,4,647,418,65,65,0,14,6,8,20,0,59,45,0.10046367851622875,0.15550239234449761,0.42857142857142855,0.0,16.25,5.0,0.0,9.833333333333334,37.214285714285715,23.5,100.4,103,60.0,57.5,102.0,103,20.125,5.0,74.84999999999997,99,4.95,2.0,17.350000000000005,24,,,,
polypgen_test_negative,PolypGen-Video,negative_false_positive,sun_val_frozen_threshold,0.1,0.07180122,0,4,647,418,0,0,0,71,0,71,0,0,0,0,0.0,0.0,0.0,0.0,0.0,0.0,0.0,0.0,5.887323943661972,2.0,23.5,99,,,,,5.887323943661972,2.0,23.5,99,,,,,,,,
polypgen_test_negative,PolypGen-Video,negative_false_positive,sun_val_frozen_threshold,0.1,0.07180122,2,4,647,418,0,0,0,27,0,27,0,0,0,0,0.0,0.0,0.0,0.0,0.0,0.0,0.0,0.0,17.444444444444443,11.0,58.69999999999999,99,,,,,17.444444444444443,11.0,58.69999999999999,99,,,,,,,,
polypgen_test_negative,PolypGen-Video,negative_false_positive,sun_val_frozen_threshold,0.1,0.07180122,5,4,647,418,0,0,0,14,0,14,0,0,0,0,0.0,0.0,0.0,0.0,0.0,0.0,0.0,0.0,37.214285714285715,23.5,100.4,103,,,,,37.214285714285715,23.5,100.4,103,,,,,,,,
polypgen_test_negative,PolypGen-Video,negative_false_positive,exact_rank,0.2,,0,4,647,418,130,130,0,71,24,47,43,0,106,87,0.2009273570324575,0.31100478468899523,0.3380281690140845,0.0,32.5,10.75,0.0,4.416666666666667,5.887323943661972,2.0,23.5,99,11.5,4.0,34.699999999999996,99,3.021276595744681,2.0,7.699999999999996,30,3.0232558139534884,1.0,11.899999999999999,18,,,,
polypgen_test_negative,PolypGen-Video,negative_false_positive,exact_rank,0.2,,2,4,647,418,130,130,0,27,13,14,26,0,117,104,0.2009273570324575,0.31100478468899523,0.48148148148148145,0.0,32.5,6.5,0.0,9.0,17.444444444444443,11.0,58.69999999999999,99,27.846153846153847,17.0,78.59999999999995,99,7.785714285714286,4.0,21.549999999999997,30,6.0,3.0,21.75,23,,,,
polypgen_test_negative,PolypGen-Video,negative_false_positive,exact_rank,0.2,,5,4,647,418,130,130,0,14,8,6,18,0,122,112,0.2009273570324575,0.31100478468899523,0.5714285714285714,0.0,32.5,4.5,0.0,15.25,37.214285714285715,23.5,100.4,103,57.875,57.5,101.6,103,9.666666666666666,4.5,26.75,30,10.222222222222221,6.5,27.799999999999955,55,,,,
polypgen_test_negative,PolypGen-Video,negative_false_positive,sun_val_frozen_threshold,0.2,0.04186127,0,4,647,418,16,16,0,71,6,65,15,0,10,1,0.02472952086553323,0.03827751196172249,0.08450704225352113,0.0,4.0,3.75,0.0,1.6666666666666667,5.887323943661972,2.0,23.5,99,26.333333333333332,10.0,83.0,99,4.0,2.0,14.399999999999991,33,1.0666666666666667,1.0,1.299999999999999,2,,,,
polypgen_test_negative,PolypGen-Video,negative_false_positive,sun_val_frozen_threshold,0.2,0.04186127,2,4,647,418,16,16,0,27,6,21,13,0,10,3,0.02472952086553323,0.03827751196172249,0.2222222222222222,0.0,4.0,3.25,0.0,1.6666666666666667,17.444444444444443,11.0,58.69999999999999,99,37.333333333333336,26.0,90.5,99,11.761904761904763,5.0,31.0,44,1.4615384615384615,1.0,3.5999999999999943,6,,,,
polypgen_test_negative,PolypGen-Video,negative_false_positive,sun_val_frozen_threshold,0.2,0.04186127,5,4,647,418,16,16,0,14,4,10,10,0,12,6,0.02472952086553323,0.03827751196172249,0.2857142857142857,0.0,4.0,2.5,0.0,3.0,37.214285714285715,23.5,100.4,103,79.25,85.5,102.4,103,20.4,9.0,68.39999999999992,99,2.8,1.0,8.199999999999996,10,,,,
