predictor,method,split,frames,positive_frames,auroc,auprc,best_f1,best_f1_threshold,recall_at_top10_val_threshold,precision_at_top10_val_threshold,flagged_fraction_top10_val_threshold
spatial_mamba_tiny,gru,val,14005,9951,0.83781431,0.91335831,0.92468536,0.18809326,0.14078987,1.00000000,0.10003570
spatial_mamba_tiny,gru,sunpos_easy_seen,4719,407,0.95735460,0.64103844,0.66810805,0.66935259,0.01719902,0.87500000,0.00169527
spatial_mamba_tiny,gru,sunpos_easy_unseen,12351,1663,0.91386336,0.65631525,0.63243818,0.64564019,0.01683704,0.96551724,0.00234799
spatial_mamba_tiny,gru,sunpos_hard_seen,3882,316,0.94828798,0.66589363,0.63101602,0.66766274,0.00316456,1.00000000,0.00025760
spatial_mamba_tiny,gru,sunpos_hard_unseen,8640,1053,0.91557008,0.63492670,0.61431330,0.61447209,0.03323837,0.87500000,0.00462963
spatial_mamba_tiny,gru,sunneg_test,7152,6392,0.34451586,0.89321223,0.94388658,0.04158650,0.10904255,1.00000000,0.09745526
spatial_mamba_tiny,gru_reverse_order_control,val,14005,9951,0.83666928,0.91235508,0.92389661,0.16292332,0.14078987,1.00000000,0.10003570
spatial_mamba_tiny,gru_reverse_order_control,sunpos_easy_seen,4719,407,0.96200535,0.65585813,0.68298107,0.64489585,0.00982801,1.00000000,0.00084764
spatial_mamba_tiny,gru_reverse_order_control,sunpos_easy_unseen,12351,1663,0.91553723,0.67247697,0.64740193,0.64733213,0.01924233,0.96969697,0.00267185
spatial_mamba_tiny,gru_reverse_order_control,sunpos_hard_seen,3882,316,0.94995811,0.65456632,0.62269127,0.65416777,0.00316456,1.00000000,0.00025760
spatial_mamba_tiny,gru_reverse_order_control,sunpos_hard_unseen,8640,1053,0.91458737,0.61595073,0.59811610,0.64767772,0.02754036,0.93548387,0.00358796
spatial_mamba_tiny,gru_reverse_order_control,sunneg_test,7152,6392,0.33707523,0.89115268,0.94388658,0.04070271,0.10528786,1.00000000,0.09409955
spatial_mamba_tiny,gru_shuffle_order_control,val,14005,9951,0.83565964,0.90999955,0.93004078,0.24507710,0.14078987,1.00000000,0.10003570
spatial_mamba_tiny,gru_shuffle_order_control,sunpos_easy_seen,4719,407,0.95354374,0.63549287,0.68450391,0.59274524,0.00245700,0.50000000,0.00042382
spatial_mamba_tiny,gru_shuffle_order_control,sunpos_easy_unseen,12351,1663,0.91098930,0.67099510,0.65329987,0.61800861,0.01262778,0.84000000,0.00202413
spatial_mamba_tiny,gru_shuffle_order_control,sunpos_hard_seen,3882,316,0.94667908,0.72644047,0.65800869,0.62619197,0.00316456,1.00000000,0.00025760
spatial_mamba_tiny,gru_shuffle_order_control,sunpos_hard_unseen,8640,1053,0.90121855,0.60437544,0.58894718,0.53588068,0.03038936,0.91428571,0.00405093
spatial_mamba_tiny,gru_shuffle_order_control,sunneg_test,7152,6392,0.31344495,0.88494147,0.94388658,0.09247755,0.10184606,1.00000000,0.09102349
spatial_mamba_tiny,linear,val,14005,9951,0.84670699,0.92163351,0.92029876,0.21079189,0.14078987,1.00000000,0.10003570
spatial_mamba_tiny,linear,sunpos_easy_seen,4719,407,0.92283121,0.60986436,0.63037974,0.52258223,0.03931204,0.61538462,0.00550964
spatial_mamba_tiny,linear,sunpos_easy_unseen,12351,1663,0.89164578,0.62829244,0.64900661,0.63163614,0.01443175,0.77419355,0.00250992
spatial_mamba_tiny,linear,sunpos_hard_seen,3882,316,0.92493983,0.43328237,0.58757061,0.70470995,0.00316456,0.20000000,0.00128800
spatial_mamba_tiny,linear,sunpos_hard_unseen,8640,1053,0.87880247,0.58952078,0.60176992,0.55112547,0.04083571,0.81132075,0.00613426
spatial_mamba_tiny,linear,sunneg_test,7152,6392,0.39144274,0.90401488,0.94388658,0.05301408,0.11279725,1.00000000,0.10081096
spatial_mamba_tiny,mlp,val,14005,9951,0.75951162,0.82090761,0.91763151,0.16383302,0.10089438,0.71663098,0.10003570
spatial_mamba_tiny,mlp,sunpos_easy_seen,4719,407,0.93857152,0.66638555,0.64200479,0.64809138,0.10073710,0.83673469,0.01038356
spatial_mamba_tiny,mlp,sunpos_easy_unseen,12351,1663,0.89388600,0.73889011,0.67395806,0.69277388,0.11966326,0.99500000,0.01619302
spatial_mamba_tiny,mlp,sunpos_hard_seen,3882,316,0.93864700,0.64599902,0.59269279,0.70496631,0.11392405,0.90000000,0.01030397
spatial_mamba_tiny,mlp,sunpos_hard_unseen,8640,1053,0.89195419,0.66717450,0.61306089,0.68370545,0.09971510,0.93750000,0.01296296
spatial_mamba_tiny,mlp,sunneg_test,7152,6392,0.10675526,0.80324641,0.94388658,0.03264883,0.08917397,0.72243346,0.11031879
spatial_mamba_tiny,scalar_edge_density,val,14005,9951,0.56411769,0.79395409,0.86001754,0.04193319,0.13787559,0.97930050,0.10003570
spatial_mamba_tiny,scalar_edge_density,sunpos_easy_seen,4719,407,0.50810720,0.22225306,0.25671643,0.26543880,0.05896806,0.88888889,0.00572155
spatial_mamba_tiny,scalar_edge_density,sunpos_easy_unseen,12351,1663,0.66652507,0.50835189,0.50355810,0.28571430,0.15814793,0.98872180,0.02153672
spatial_mamba_tiny,scalar_edge_density,sunpos_hard_seen,3882,316,0.54755399,0.33770782,0.37735847,0.35374150,0.12974684,0.93181818,0.01133436
spatial_mamba_tiny,scalar_edge_density,sunpos_hard_unseen,8640,1053,0.61680586,0.37724630,0.37414965,0.37333333,0.09496676,0.93457944,0.01238426
spatial_mamba_tiny,scalar_edge_density,sunneg_test,7152,6392,0.99405507,0.99940594,0.99417871,0.00000000,0.16864831,1.00000000,0.15072707
spatial_mamba_tiny,scalar_high_entropy,val,14005,9951,0.92333128,0.97163058,0.90391982,0.00533286,0.14078987,1.00000000,0.10003570
spatial_mamba_tiny,scalar_high_entropy,sunpos_easy_seen,4719,407,0.66925966,0.33281316,0.42704627,0.02032614,0.07125307,0.64444444,0.00953592
spatial_mamba_tiny,scalar_high_entropy,sunpos_easy_unseen,12351,1663,0.43117165,0.23370077,0.27777779,0.02159761,0.04269393,0.71717172,0.00801555
spatial_mamba_tiny,scalar_high_entropy,sunpos_hard_seen,3882,316,0.44431675,0.10503209,0.17981072,0.01300343,0.00949367,0.18750000,0.00412159
spatial_mamba_tiny,scalar_high_entropy,sunpos_hard_unseen,8640,1053,0.57535457,0.30519946,0.32343233,0.02764633,0.11016144,0.80555556,0.01666667
spatial_mamba_tiny,scalar_high_entropy,sunneg_test,7152,6392,0.98559425,0.99812304,0.98617578,0.00158394,0.11702128,1.00000000,0.10458613
spatial_mamba_tiny,scalar_low_foreground_mean,val,14005,9951,0.61385614,0.71019370,0.83097768,-0.98211056,0.03708170,0.26338330,0.10003570
spatial_mamba_tiny,scalar_low_foreground_mean,sunpos_easy_seen,4719,407,0.90152987,0.63858930,0.57104915,-0.93666691,0.18181818,1.00000000,0.01568129
spatial_mamba_tiny,scalar_low_foreground_mean,sunpos_easy_unseen,12351,1663,0.94511890,0.81870524,0.73626685,-0.93851519,0.20024053,1.00000000,0.02696138
spatial_mamba_tiny,scalar_low_foreground_mean,sunpos_hard_seen,3882,316,0.88246413,0.70847290,0.65900379,-0.90353596,0.25949367,1.00000000,0.02112313
spatial_mamba_tiny,scalar_low_foreground_mean,sunpos_hard_unseen,8640,1053,0.90135523,0.69968227,0.65959322,-0.94177222,0.12345679,1.00000000,0.01504630
spatial_mamba_tiny,scalar_low_foreground_mean,sunneg_test,7152,6392,0.00594493,0.73418886,0.94388658,-0.98717493,0.03347935,0.21971253,0.13618568
spatial_mamba_tiny,scalar_low_max_probability,val,14005,9951,0.70532022,0.73931767,0.90036297,-0.99999994,0.03708170,0.26338330,0.10003570
spatial_mamba_tiny,scalar_low_max_probability,sunpos_easy_seen,4719,407,0.90915644,0.67182456,0.61985475,-0.99998152,0.18181818,1.00000000,0.01568129
spatial_mamba_tiny,scalar_low_max_probability,sunpos_easy_unseen,12351,1663,0.88246748,0.73545740,0.67823243,-0.99995500,0.19903788,1.00000000,0.02679945
spatial_mamba_tiny,scalar_low_max_probability,sunpos_hard_seen,3882,316,0.92002128,0.75446126,0.69469839,-0.99994546,0.26265823,1.00000000,0.02138073
spatial_mamba_tiny,scalar_low_max_probability,sunpos_hard_unseen,8640,1053,0.84869919,0.63305897,0.60777724,-0.99996930,0.12345679,1.00000000,0.01504630
spatial_mamba_tiny,scalar_low_max_probability,sunneg_test,7152,6392,0.00017971,0.73352231,0.94388658,-1.00000000,0.03254068,0.21487603,0.13534676
spatial_mamba_tiny,scalar_low_previous_iou,val,14005,9951,0.68610734,0.76955259,0.86298984,-0.84671319,0.24409607,0.68674018,0.25255266
spatial_mamba_tiny,scalar_low_previous_iou,sunpos_easy_seen,4719,407,0.90005692,0.50008052,0.54933870,-0.66176468,0.26781327,0.66871166,0.03454122
spatial_mamba_tiny,scalar_low_previous_iou,sunpos_easy_unseen,12351,1663,0.89853191,0.65265100,0.65007240,-0.55259025,0.33193025,0.77202797,0.05789005
spatial_mamba_tiny,scalar_low_previous_iou,sunpos_hard_seen,3882,316,0.88488014,0.62135315,0.66779667,-0.31259260,0.47468354,0.77720207,0.04971664
spatial_mamba_tiny,scalar_low_previous_iou,sunpos_hard_unseen,8640,1053,0.86824147,0.53781318,0.57372653,-0.54545456,0.22697056,0.70710059,0.03912037
spatial_mamba_tiny,scalar_low_previous_iou,sunneg_test,7152,6392,0.12484355,0.78866926,0.94388658,-1.00000000,0.24968711,0.67741935,0.32941834
spatial_mamba_tiny,scalar_previous_absdiff,val,14005,9951,0.89601576,0.94728932,0.89303893,0.00505172,0.13797608,0.98001428,0.10003570
spatial_mamba_tiny,scalar_previous_absdiff,sunpos_easy_seen,4719,407,0.78305871,0.37519957,0.44662309,0.02510718,0.05159705,0.61764706,0.00720492
spatial_mamba_tiny,scalar_previous_absdiff,sunpos_easy_unseen,12351,1663,0.61780393,0.27648768,0.33753398,0.02064753,0.02465424,0.50617284,0.00655817
spatial_mamba_tiny,scalar_previous_absdiff,sunpos_hard_seen,3882,316,0.62368839,0.14861319,0.25329280,0.01978604,0.00316456,0.11111111,0.00231839
spatial_mamba_tiny,scalar_previous_absdiff,sunpos_hard_unseen,8640,1053,0.70100203,0.30883392,0.36504254,0.02855845,0.05603039,0.63440860,0.01076389
spatial_mamba_tiny,scalar_previous_absdiff,sunneg_test,7152,6392,0.83788195,0.97048799,0.96105278,0.00021633,0.12312265,0.98621554,0.11157718
spatial_mamba_tiny,scalar_previous_area_delta,val,14005,9951,0.87714895,0.93413141,0.88900739,0.00119651,0.13626771,0.96788009,0.10003570
spatial_mamba_tiny,scalar_previous_area_delta,sunpos_easy_seen,4719,407,0.77855040,0.36192797,0.44696969,0.01034628,0.06142506,0.60975610,0.00868828
spatial_mamba_tiny,scalar_previous_area_delta,sunpos_easy_unseen,12351,1663,0.63432267,0.28185401,0.34680286,0.00893863,0.03427541,0.53271028,0.00866327
spatial_mamba_tiny,scalar_previous_area_delta,sunpos_hard_seen,3882,316,0.63105756,0.14523762,0.24571037,0.00506757,0.00632911,0.11111111,0.00463679
spatial_mamba_tiny,scalar_previous_area_delta,sunpos_hard_unseen,8640,1053,0.70355938,0.30974275,0.36992279,0.01133164,0.06077873,0.64646465,0.01145833
spatial_mamba_tiny,scalar_previous_area_delta,sunneg_test,7152,6392,0.79553698,0.96021633,0.96636081,0.00007038,0.12437422,0.97785978,0.11367450
spatial_mamba_tiny,scalar_simple_combo,val,14005,9951,0.72942110,0.78483858,0.89710081,-2.13998055,0.07024420,0.49892934,0.10003570
spatial_mamba_tiny,scalar_simple_combo,sunpos_easy_seen,4719,407,0.94499608,0.66763280,0.64398545,-0.27416125,0.11793612,0.87272727,0.01165501
spatial_mamba_tiny,scalar_simple_combo,sunpos_easy_unseen,12351,1663,0.90054812,0.69132749,0.65761513,-0.20621797,0.12507517,0.95852535,0.01756943
spatial_mamba_tiny,scalar_simple_combo,sunpos_hard_seen,3882,316,0.92579797,0.64519828,0.60102302,-0.37291610,0.19620253,1.00000000,0.01597115
spatial_mamba_tiny,scalar_simple_combo,sunpos_hard_unseen,8640,1053,0.88929870,0.61438022,0.58844137,-0.20933668,0.09686610,0.93577982,0.01261574
spatial_mamba_tiny,scalar_simple_combo,sunneg_test,7152,6392,0.06388701,0.77631892,0.94388658,-3.08951187,0.06570713,0.45064378,0.13031320
spatial_mamba_tiny,scalar_small_area,val,14005,9951,0.23050329,0.57056802,0.83077306,-0.83643019,0.03788564,0.26756565,0.10060693
spatial_mamba_tiny,scalar_small_area,sunpos_easy_seen,4719,407,0.57838590,0.36934675,0.42026263,-0.01372466,0.18427518,1.00000000,0.01589320
spatial_mamba_tiny,scalar_small_area,sunpos_easy_unseen,12351,1663,0.79499114,0.65285278,0.62153012,-0.01872185,0.20565244,1.00000000,0.02769007
spatial_mamba_tiny,scalar_small_area,sunpos_hard_seen,3882,316,0.75520031,0.58977435,0.62425447,-0.01126126,0.26582278,1.00000000,0.02163833
spatial_mamba_tiny,scalar_small_area,sunpos_hard_unseen,8640,1053,0.67233595,0.45066063,0.44214612,-0.01492117,0.12155745,1.00000000,0.01481481
spatial_mamba_tiny,scalar_small_area,sunneg_test,7152,6392,0.00594493,0.73410847,0.94388658,-0.86500561,0.03739049,0.23923924,0.13968121
spatial_mamba_tiny,ssm,val,14005,9951,0.84215419,0.91678770,0.91914254,0.20598505,0.14078987,1.00000000,0.10003570
spatial_mamba_tiny,ssm,sunpos_easy_seen,4719,407,0.93426265,0.65260571,0.64877480,0.45064485,0.01228501,0.83333333,0.00127146
spatial_mamba_tiny,ssm,sunpos_easy_unseen,12351,1663,0.90359617,0.71446523,0.71668088,0.54907447,0.02826218,0.85454545,0.00445308
spatial_mamba_tiny,ssm,sunpos_hard_seen,3882,316,0.94900324,0.72364869,0.68438536,0.65655667,0.00000000,0.00000000,0.00000000
spatial_mamba_tiny,ssm,sunpos_hard_unseen,8640,1053,0.90293338,0.67025121,0.65107745,0.60251373,0.02943970,0.93939394,0.00381944
spatial_mamba_tiny,ssm,sunneg_test,7152,6392,0.39833005,0.90264961,0.94388658,0.08685388,0.11780350,1.00000000,0.10528523
spatial_mamba_tiny,ssm_reverse_order_control,val,14005,9951,0.84282223,0.91704606,0.92052138,0.20782343,0.14078987,1.00000000,0.10003570
spatial_mamba_tiny,ssm_reverse_order_control,sunpos_easy_seen,4719,407,0.93787351,0.67183249,0.65569913,0.46112871,0.01474201,0.85714286,0.00148337
spatial_mamba_tiny,ssm_reverse_order_control,sunpos_easy_unseen,12351,1663,0.90550496,0.72460648,0.72004712,0.57268530,0.03066747,0.82258065,0.00501984
spatial_mamba_tiny,ssm_reverse_order_control,sunpos_hard_seen,3882,316,0.94917186,0.71096028,0.69072169,0.66961432,0.00316456,0.50000000,0.00051520
spatial_mamba_tiny,ssm_reverse_order_control,sunpos_hard_unseen,8640,1053,0.90724688,0.68760881,0.65798700,0.65571851,0.03323837,0.94594595,0.00428241
spatial_mamba_tiny,ssm_reverse_order_control,sunneg_test,7152,6392,0.39582620,0.90242035,0.94388658,0.07832369,0.11858573,1.00000000,0.10598434
spatial_mamba_tiny,ssm_shuffle_order_control,val,14005,9951,0.84003451,0.91299437,0.92644703,0.26327699,0.14078987,1.00000000,0.10003570
spatial_mamba_tiny,ssm_shuffle_order_control,sunpos_easy_seen,4719,407,0.93229853,0.64971802,0.63325739,0.40154141,0.00245700,1.00000000,0.00021191
spatial_mamba_tiny,ssm_shuffle_order_control,sunpos_easy_unseen,12351,1663,0.90435418,0.71896053,0.71783167,0.51741862,0.01683704,0.82352941,0.00275281
spatial_mamba_tiny,ssm_shuffle_order_control,sunpos_hard_seen,3882,316,0.93850678,0.71340270,0.65930027,0.66545993,0.00316456,1.00000000,0.00025760
spatial_mamba_tiny,ssm_shuffle_order_control,sunpos_hard_unseen,8640,1053,0.89552379,0.65417724,0.62662184,0.57679397,0.01424501,0.93750000,0.00185185
spatial_mamba_tiny,ssm_shuffle_order_control,sunneg_test,7152,6392,0.36712986,0.89563061,0.94388658,0.12879634,0.11076345,1.00000000,0.09899329
convnextv2_tiny,gru,val,14005,9665,0.69208876,0.72892018,0.89935005,0.13176918,0.05804449,0.40042827,0.10003570
convnextv2_tiny,gru,sunpos_easy_seen,4719,383,0.95092456,0.70178071,0.66829860,0.55532247,0.07310705,1.00000000,0.00593346
convnextv2_tiny,gru,sunpos_easy_unseen,12351,1987,0.88796011,0.72136155,0.66785175,0.57218689,0.06492199,1.00000000,0.01044450
convnextv2_tiny,gru,sunpos_hard_seen,3882,489,0.91632056,0.70168731,0.62904716,0.51967585,0.12474438,1.00000000,0.01571355
convnextv2_tiny,gru,sunpos_hard_unseen,8640,1401,0.89792463,0.74484075,0.69571328,0.58266544,0.08636688,1.00000000,0.01400463
convnextv2_tiny,gru,sunneg_test,7152,6083,0.04727878,0.68823807,0.91922933,0.03668999,0.05013973,0.31606218,0.13492729
convnextv2_tiny,gru_reverse_order_control,val,14005,9665,0.69445027,0.72880076,0.89956921,0.13777548,0.05794102,0.39971449,0.10003570
convnextv2_tiny,gru_reverse_order_control,sunpos_easy_seen,4719,383,0.95718100,0.72577263,0.66903913,0.51622623,0.07049608,1.00000000,0.00572155
convnextv2_tiny,gru_reverse_order_control,sunpos_easy_unseen,12351,1987,0.89095706,0.73937905,0.67815793,0.57847196,0.06441872,1.00000000,0.01036353
convnextv2_tiny,gru_reverse_order_control,sunpos_hard_seen,3882,489,0.91919789,0.71467696,0.64559382,0.53538704,0.12474438,1.00000000,0.01571355
convnextv2_tiny,gru_reverse_order_control,sunpos_hard_unseen,8640,1401,0.90032557,0.75792858,0.70239776,0.57975447,0.08565310,1.00000000,0.01388889
convnextv2_tiny,gru_reverse_order_control,sunneg_test,7152,6083,0.04771360,0.68986828,0.91922933,0.03224161,0.05227684,0.32317073,0.13758389
convnextv2_tiny,gru_shuffle_order_control,val,14005,9665,0.70252251,0.73296903,0.91024774,0.23451938,0.06301086,0.43468951,0.10003570
convnextv2_tiny,gru_shuffle_order_control,sunpos_easy_seen,4719,383,0.94575020,0.70259998,0.66751921,0.53230780,0.06005222,1.00000000,0.00487391
convnextv2_tiny,gru_shuffle_order_control,sunpos_easy_unseen,12351,1987,0.88882105,0.72401389,0.68166715,0.54939848,0.04277806,1.00000000,0.00688203
convnextv2_tiny,gru_shuffle_order_control,sunpos_hard_seen,3882,489,0.91084435,0.69258373,0.63002938,0.52638775,0.06543967,1.00000000,0.00824317
convnextv2_tiny,gru_shuffle_order_control,sunpos_hard_unseen,8640,1401,0.89486562,0.73315219,0.67923212,0.50817704,0.04425410,1.00000000,0.00717593
convnextv2_tiny,gru_shuffle_order_control,sunneg_test,7152,6083,0.05098945,0.69001237,0.91922933,0.10716534,0.05375637,0.34276730,0.13338926
convnextv2_tiny,linear,val,14005,9665,0.72407333,0.79852704,0.90294427,0.21049604,0.11433006,0.78872234,0.10003570
convnextv2_tiny,linear,sunpos_easy_seen,4719,383,0.94494571,0.59828116,0.64122134,0.33445746,0.14882507,0.67058824,0.01801229
convnextv2_tiny,linear,sunpos_easy_unseen,12351,1987,0.88672733,0.56907392,0.63524848,0.40072975,0.08152994,0.59778598,0.02194154
convnextv2_tiny,linear,sunpos_hard_seen,3882,489,0.90880479,0.55974527,0.59058261,0.37442383,0.13292434,0.61320755,0.02730551
convnextv2_tiny,linear,sunpos_hard_unseen,8640,1401,0.89821294,0.63025027,0.65689951,0.51895618,0.07708779,0.66666667,0.01875000
convnextv2_tiny,linear,sunneg_test,7152,6083,0.14761884,0.76158121,0.91922933,0.09019810,0.10521124,0.76372315,0.11717002
convnextv2_tiny,mlp,val,14005,9665,0.69693693,0.74717982,0.90497309,0.14516599,0.06704604,0.46252677,0.10003570
convnextv2_tiny,mlp,sunpos_easy_seen,4719,383,0.95462062,0.64925985,0.64852071,0.58783489,0.11488251,0.84615385,0.01101928
convnextv2_tiny,mlp,sunpos_easy_unseen,12351,1987,0.89790554,0.71458469,0.67274857,0.55432993,0.07347760,0.96688742,0.01222573
convnextv2_tiny,mlp,sunpos_hard_seen,3882,489,0.92508033,0.72309055,0.62966913,0.67960358,0.14723926,0.98630137,0.01880474
convnextv2_tiny,mlp,sunpos_hard_unseen,8640,1401,0.92164488,0.74828180,0.67873865,0.50782722,0.09564597,0.99259259,0.01562500
convnextv2_tiny,mlp,sunneg_test,7152,6083,0.06033153,0.70658673,0.91922933,0.05786761,0.05852375,0.38569881,0.12905481
convnextv2_tiny,scalar_edge_density,val,14005,9665,0.73831300,0.87234110,0.84991616,0.04170896,0.14464563,0.99572650,0.10024991
convnextv2_tiny,scalar_edge_density,sunpos_easy_seen,4719,383,0.64173734,0.41710799,0.47416413,0.28571430,0.07571802,0.96666667,0.00635728
convnextv2_tiny,scalar_edge_density,sunpos_easy_unseen,12351,1987,0.78472873,0.65717331,0.62298721,0.27872342,0.11625566,1.00000000,0.01870294
convnextv2_tiny,scalar_edge_density,sunpos_hard_seen,3882,489,0.59529001,0.45078123,0.44472051,0.32835820,0.10429448,0.96226415,0.01365276
convnextv2_tiny,scalar_edge_density,sunpos_hard_unseen,8640,1401,0.64102344,0.46929638,0.44425011,0.30303031,0.09850107,1.00000000,0.01597222
convnextv2_tiny,scalar_edge_density,sunneg_test,7152,6083,0.98931448,0.99819050,0.98928487,0.00000000,0.15370705,1.00000000,0.13073266
convnextv2_tiny,scalar_high_entropy,val,14005,9665,0.87235216,0.94157041,0.86074793,0.00533670,0.14443870,0.99643112,0.10003570
convnextv2_tiny,scalar_high_entropy,sunpos_easy_seen,4719,383,0.62777475,0.26585216,0.36225262,0.03013923,0.21671018,0.49112426,0.03581267
convnextv2_tiny,scalar_high_entropy,sunpos_easy_unseen,12351,1987,0.50405766,0.22807511,0.29882237,0.02599114,0.18520382,0.35937500,0.08290827
convnextv2_tiny,scalar_high_entropy,sunpos_hard_seen,3882,489,0.48745854,0.21552853,0.22759601,0.05085824,0.16768916,0.26623377,0.07934055
convnextv2_tiny,scalar_high_entropy,sunpos_hard_unseen,8640,1401,0.55770827,0.28741199,0.32523367,0.02847139,0.21270521,0.43759178,0.07881944
convnextv2_tiny,scalar_high_entropy,sunneg_test,7152,6083,0.96796198,0.99331127,0.97043818,0.00337815,0.14367911,1.00000000,0.12220358
convnextv2_tiny,scalar_low_foreground_mean,val,14005,9665,0.63351208,0.68987372,0.85247451,-0.94392377,0.03000517,0.18023617,0.11488754
convnextv2_tiny,scalar_low_foreground_mean,sunpos_easy_seen,4719,383,0.93626437,0.71489746,0.62565440,-0.91850877,0.10182768,1.00000000,0.00826446
convnextv2_tiny,scalar_low_foreground_mean,sunpos_easy_unseen,12351,1987,0.94740412,0.83822256,0.74710429,-0.93331504,0.08152994,1.00000000,0.01311635
convnextv2_tiny,scalar_low_foreground_mean,sunpos_hard_seen,3882,489,0.89628442,0.72922552,0.66222221,-0.91133559,0.17791411,1.00000000,0.02241113
convnextv2_tiny,scalar_low_foreground_mean,sunpos_hard_unseen,8640,1401,0.92356598,0.78864001,0.69806951,-0.92501873,0.11920057,1.00000000,0.01932870
convnextv2_tiny,scalar_low_foreground_mean,sunneg_test,7152,6083,0.01068552,0.66724394,0.91922933,-0.97753793,0.02137103,0.10842369,0.16764541
convnextv2_tiny,scalar_low_max_probability,val,14005,9665,0.66342100,0.69837171,0.88302028,-0.99998474,0.01251940,0.08636688,0.10003570
convnextv2_tiny,scalar_low_max_probability,sunpos_easy_seen,4719,383,0.84362174,0.68924022,0.66235870,-0.99978638,0.09138381,1.00000000,0.00741683
convnextv2_tiny,scalar_low_max_probability,sunpos_easy_unseen,12351,1987,0.77993716,0.67008665,0.64041847,-0.99985111,0.06743835,1.00000000,0.01084932
convnextv2_tiny,scalar_low_max_probability,sunpos_hard_seen,3882,489,0.90558482,0.75799389,0.70215178,-0.99982661,0.15541922,1.00000000,0.01957754
convnextv2_tiny,scalar_low_max_probability,sunpos_hard_unseen,8640,1401,0.78300868,0.68098537,0.64149415,-0.99986851,0.10706638,1.00000000,0.01736111
convnextv2_tiny,scalar_low_max_probability,sunneg_test,7152,6083,0.00022298,0.66605850,0.91922933,-1.00000000,0.00427421,0.02420857,0.15016779
convnextv2_tiny,scalar_low_previous_iou,val,14005,9665,0.68038107,0.75576297,0.85673589,-0.77664977,0.34640455,0.70439722,0.33937879
convnextv2_tiny,scalar_low_previous_iou,sunpos_easy_seen,4719,383,0.92649372,0.54311378,0.56957090,-0.47371244,0.25848564,0.67808219,0.03093876
convnextv2_tiny,scalar_low_previous_iou,sunpos_easy_unseen,12351,1987,0.88794450,0.63990654,0.64878547,-0.58823532,0.23452441,0.77666667,0.04857906
convnextv2_tiny,scalar_low_previous_iou,sunpos_hard_seen,3882,489,0.84289741,0.56642873,0.59708190,-0.41610739,0.31697342,0.75980392,0.05255023
convnextv2_tiny,scalar_low_previous_iou,sunpos_hard_unseen,8640,1401,0.86192834,0.64500641,0.62406582,-0.51578945,0.27194861,0.80042017,0.05509259
convnextv2_tiny,scalar_low_previous_iou,sunneg_test,7152,6083,0.17162584,0.74685088,0.91922933,-1.00000000,0.34325169,0.66138739,0.44141499
convnextv2_tiny,scalar_previous_absdiff,val,14005,9665,0.85278684,0.92149236,0.86053115,0.00353654,0.14123125,0.97430407,0.10003570
convnextv2_tiny,scalar_previous_absdiff,sunpos_easy_seen,4719,383,0.79076082,0.34725619,0.41772151,0.02282715,0.19060052,0.60330579,0.02564103
convnextv2_tiny,scalar_previous_absdiff,sunpos_easy_unseen,12351,1987,0.66806415,0.29145308,0.36926803,0.01358937,0.10468042,0.40388350,0.04169703
convnextv2_tiny,scalar_previous_absdiff,sunpos_hard_seen,3882,489,0.62365679,0.20034698,0.28701594,0.01920711,0.05521472,0.29347826,0.02369912
convnextv2_tiny,scalar_previous_absdiff,sunpos_hard_unseen,8640,1401,0.66236863,0.30985106,0.37909555,0.01940926,0.15203426,0.45319149,0.05439815
convnextv2_tiny,scalar_previous_absdiff,sunneg_test,7152,6083,0.83757368,0.95730531,0.93976474,0.00052568,0.13266480,0.97346200,0.11591163
convnextv2_tiny,scalar_previous_area_delta,val,14005,9665,0.82636720,0.90054296,0.85401678,0.00098536,0.13833420,0.95431834,0.10003570
convnextv2_tiny,scalar_previous_area_delta,sunpos_easy_seen,4719,383,0.79812433,0.34279962,0.41402715,0.01555462,0.20365535,0.58208955,0.02839585
convnextv2_tiny,scalar_previous_area_delta,sunpos_easy_unseen,12351,1987,0.67058232,0.30104675,0.37454545,0.00703829,0.11675893,0.43042672,0.04364019
convnextv2_tiny,scalar_previous_area_delta,sunpos_hard_seen,3882,489,0.64384692,0.20722440,0.31288981,0.00492680,0.06339468,0.28440367,0.02807831
convnextv2_tiny,scalar_previous_area_delta,sunpos_hard_unseen,8640,1401,0.66916365,0.32158782,0.39537445,0.00950169,0.14989293,0.47191011,0.05150463
convnextv2_tiny,scalar_previous_area_delta,sunneg_test,7152,6083,0.79412545,0.93881854,0.95488185,0.00000000,0.12049975,0.94948187,0.10794183
convnextv2_tiny,scalar_simple_combo,val,14005,9665,0.68482593,0.75149546,0.87984037,-2.33085728,0.08111743,0.55960029,0.10003570
convnextv2_tiny,scalar_simple_combo,sunpos_easy_seen,4719,383,0.94227995,0.56123329,0.60127926,-0.01298261,0.13315927,0.58620690,0.01843611
convnextv2_tiny,scalar_simple_combo,sunpos_easy_unseen,12351,1987,0.85872271,0.50463494,0.57757425,-0.67628050,0.08807247,0.60975610,0.02323698
convnextv2_tiny,scalar_simple_combo,sunpos_hard_seen,3882,489,0.87757183,0.51072806,0.54222220,0.28904063,0.07157464,0.58333333,0.01545595
convnextv2_tiny,scalar_simple_combo,sunpos_hard_unseen,8640,1401,0.86717843,0.54779525,0.60065609,-0.15829238,0.10635261,0.65350877,0.02638889
convnextv2_tiny,scalar_simple_combo,sunneg_test,7152,6083,0.06954206,0.71355374,0.91922933,-3.51659918,0.06789413,0.50304507,0.11479306
convnextv2_tiny,scalar_small_area,val,14005,9665,0.35431816,0.59013718,0.81664556,-0.76273930,0.03000517,0.18023617,0.11488754
convnextv2_tiny,scalar_small_area,sunpos_easy_seen,4719,383,0.66083635,0.49370696,0.54450262,-0.01386543,0.10182768,1.00000000,0.00826446
convnextv2_tiny,scalar_small_area,sunpos_easy_unseen,12351,1987,0.80731368,0.67420556,0.64450127,-0.02195946,0.08152994,1.00000000,0.01311635
convnextv2_tiny,scalar_small_area,sunpos_hard_seen,3882,489,0.73245892,0.59628851,0.57503504,-0.01041667,0.17791411,1.00000000,0.02241113
convnextv2_tiny,scalar_small_area,sunpos_hard_unseen,8640,1401,0.71775893,0.55117301,0.52064633,-0.01872185,0.11920057,1.00000000,0.01932870
convnextv2_tiny,scalar_small_area,sunneg_test,7152,6083,0.01068552,0.66698579,0.91922933,-0.40378660,0.02137103,0.10842369,0.16764541
convnextv2_tiny,ssm,val,14005,9665,0.69702770,0.74297145,0.89895177,0.16816778,0.08132437,0.56102784,0.10003570
convnextv2_tiny,ssm,sunpos_easy_seen,4719,383,0.92881324,0.68883292,0.66045278,0.41201377,0.03133159,1.00000000,0.00254291
convnextv2_tiny,ssm,sunpos_easy_unseen,12351,1987,0.86740541,0.70848517,0.65411246,0.43717426,0.04831404,1.00000000,0.00777265
convnextv2_tiny,ssm,sunpos_hard_seen,3882,489,0.91846922,0.73160941,0.67395627,0.39764231,0.05112474,1.00000000,0.00643998
convnextv2_tiny,ssm,sunpos_hard_unseen,8640,1401,0.88574932,0.72849664,0.67392832,0.37089500,0.04782298,1.00000000,0.00775463
convnextv2_tiny,ssm,sunneg_test,7152,6083,0.08022857,0.70624538,0.91922933,0.10133304,0.07825086,0.53184358,0.12513982
convnextv2_tiny,ssm_reverse_order_control,val,14005,9665,0.70139826,0.74559449,0.89953613,0.16392620,0.08235903,0.56816560,0.10003570
convnextv2_tiny,ssm_reverse_order_control,sunpos_easy_seen,4719,383,0.93210585,0.70139080,0.66238773,0.37328053,0.03394256,1.00000000,0.00275482
convnextv2_tiny,ssm_reverse_order_control,sunpos_easy_unseen,12351,1987,0.87129051,0.72459353,0.66463584,0.43693271,0.05686965,1.00000000,0.00914906
convnextv2_tiny,ssm_reverse_order_control,sunpos_hard_seen,3882,489,0.92134293,0.74094892,0.68615985,0.39087480,0.06543967,1.00000000,0.00824317
convnextv2_tiny,ssm_reverse_order_control,sunpos_hard_unseen,8640,1401,0.88801124,0.74027051,0.67535287,0.39196250,0.05353319,1.00000000,0.00868056
convnextv2_tiny,ssm_reverse_order_control,sunneg_test,7152,6083,0.08679474,0.70787018,0.91922933,0.09172102,0.08022357,0.53391685,0.12779642
convnextv2_tiny,ssm_shuffle_order_control,val,14005,9665,0.71223976,0.75478273,0.90707254,0.27048391,0.08380755,0.57815846,0.10003570
convnextv2_tiny,ssm_shuffle_order_control,sunpos_easy_seen,4719,383,0.91747035,0.67374660,0.66050196,0.36990762,0.03133159,1.00000000,0.00254291
convnextv2_tiny,ssm_shuffle_order_control,sunpos_easy_unseen,12351,1987,0.86764311,0.70657414,0.64583331,0.40668884,0.03019628,1.00000000,0.00485791
convnextv2_tiny,ssm_shuffle_order_control,sunpos_hard_seen,3882,489,0.91507115,0.72583554,0.67748481,0.39038244,0.04294479,1.00000000,0.00540958
convnextv2_tiny,ssm_shuffle_order_control,sunpos_hard_unseen,8640,1401,0.88547610,0.72045095,0.66593087,0.36879319,0.01998572,1.00000000,0.00324074
convnextv2_tiny,ssm_shuffle_order_control,sunneg_test,7152,6083,0.10275420,0.71364681,0.91922933,0.15567018,0.08005918,0.53752759,0.12667785
